{"web":{"client_id":"1069031417822-32kkc3a14a43qhf8rvuivo8scgp44n2l.apps.googleusercontent.com","project_id":"patientsdata-382719","auth_uri":"https://accounts.google.com/o/oauth2/auth","token_uri":"https://oauth2.googleapis.com/token","auth_provider_x509_cert_url":"https://www.googleapis.com/oauth2/v1/certs","client_secret":"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","redirect_uris":["http://localhost:8080/","https://developers.google.com/oauthplayground"],"javascript_origins":["http://localhost:8080"]}}